Model 2,,,,,,,
,,,,,,,
,Method,0,1,2,3,4,5
,TimingsLog7Zip,2.0774004,2.2894284,2.4672684,2.848572,6.6278292,12.0518676
,TimingsLogMfc1,6.5755248,6.8746236,7.1820024,7.7149368,11.4704196,16.225902
,TimingsLogMfc2,19.8328884,22.0205148,22.3607952,23.2068984,29.8031412,37.602012
,TimingsLogPpmz,1.7999388,2.475018,3.4765476,5.9728356,39.1177152,91.73493
,,,,,,,
,TimingsLogBatch,30.2858808,33.659688,35.4867336,39.7433652,87.019236,157.6148436
