Model 4,,,,,,,
,,,,,,,
,Method,0,1,2,3,4,5
,TimingsLog7Zip,2.0625552,2.2828644,2.4746772,2.8740108,6.702564,12.0717348
,TimingsLogMfc1,6.5568768,6.8696028,7.195188,7.7418936,11.4972072,16.3231368
,TimingsLogMfc2,20.0404764,21.99819,22.357188,23.2291968,29.82888,37.4664276
,TimingsLogPpmz,1.775754,2.5029204,3.5721288,6.2952852,42.4715196,99.4004196
,,,,,,,
,TimingsLogBatch,30.4357764,33.6536796,35.5992876,40.140492,90.5002824,165.2618484
