Model 1,,,,,,,
,,,,,,,
,Method,0,1,2,3,4,5
,TimingsLog7Zip,2.0719536,2.3000052,2.5122084,2.9409552,6.8209704,12.1161936
,TimingsLogMfc1,6.5624304,6.9201372,7.26393,7.8253836,11.5663344,16.3218048
,TimingsLogMfc2,20.3488176,22.0367052,22.402422,23.317674,29.799,37.5753804
,TimingsLogPpmz,1.7846052,2.5742724,3.7490592,6.7470408,46.5543552,108.5796624
,,,,,,,
,TimingsLogBatch,30.7679136,33.8312244,35.927724,40.83117,94.7407848,174.5931684
