Model 1,,,,,,,,,
,,,,,,,,,
,,,,,,,,,
,,,,,,,,,
,,,,,,,,,
,,,,,,,,,
,,,,,,,,,
,,,,,,,,,
,,,Method,0,1,2,3,4,5
,,,7Zip,0.03453256,0.03833342,0.04187014,0.04901592,0.11368284,0.20193656
,,,Batch,0.51279856,0.56385374,0.5987954,0.6805195,1.57901308,2.90988614
,,,Mfc1,0.10937384,0.11533562,0.1210655,0.13042306,0.19277224,0.27203008
,,,Mfc3,0.33914696,0.36727842,0.3733737,0.3886279,0.49665,0.62625634
,,,Ppmz,0.02974342,0.04290454,0.06248432,0.11245068,0.77590592,1.80966104
